{
    "bleu": 0.2070846670916846,
    "precisions": [
        0.5295000855258574,
        0.2622456065381123,
        0.14921412389105718,
        0.08875801635823487
    ],
    "brevity_penalty": 1.0,
    "length_ratio": 1.0569922858520384,
    "translation_length": 157847,
    "reference_length": 149336
}